Title,URL,Word Frequency
inspirational,https://quotes.toscrape.com/tag/inspirational/page/1/,2
inspirational,https://quotes.toscrape.com/tag/inspirational/page/1/,2
inspirational,https://quotes.toscrape.com/tag/inspirational/page/1/,2
Quotes to Scrape,https://quotes.toscrape.com/,1
change,https://quotes.toscrape.com/tag/change/page/1/,1
deep-thoughts,https://quotes.toscrape.com/tag/deep-thoughts/page/1/,1
thinking,https://quotes.toscrape.com/tag/thinking/page/1/,1
world,https://quotes.toscrape.com/tag/world/page/1/,1
abilities,https://quotes.toscrape.com/tag/abilities/page/1/,1
choices,https://quotes.toscrape.com/tag/choices/page/1/,1
life,https://quotes.toscrape.com/tag/life/page/1/,1
live,https://quotes.toscrape.com/tag/live/page/1/,1
miracle,https://quotes.toscrape.com/tag/miracle/page/1/,1
miracles,https://quotes.toscrape.com/tag/miracles/page/1/,1
aliteracy,https://quotes.toscrape.com/tag/aliteracy/page/1/,1
books,https://quotes.toscrape.com/tag/books/page/1/,1
classic,https://quotes.toscrape.com/tag/classic/page/1/,1
humor,https://quotes.toscrape.com/tag/humor/page/1/,1
be-yourself,https://quotes.toscrape.com/tag/be-yourself/page/1/,1
adulthood,https://quotes.toscrape.com/tag/adulthood/page/1/,1
success,https://quotes.toscrape.com/tag/success/page/1/,1
value,https://quotes.toscrape.com/tag/value/page/1/,1
life,https://quotes.toscrape.com/tag/life/page/1/,1
love,https://quotes.toscrape.com/tag/love/page/1/,1
edison,https://quotes.toscrape.com/tag/edison/page/1/,1
failure,https://quotes.toscrape.com/tag/failure/page/1/,1
paraphrased,https://quotes.toscrape.com/tag/paraphrased/page/1/,1
misattributed-eleanor-roosevelt,https://quotes.toscrape.com/tag/misattributed-eleanor-roosevelt/page/1/,1
humor,https://quotes.toscrape.com/tag/humor/page/1/,1
obvious,https://quotes.toscrape.com/tag/obvious/page/1/,1
simile,https://quotes.toscrape.com/tag/simile/page/1/,1
Next â†’,https://quotes.toscrape.com/page/2/,1
